<?xml version="1.0" encoding="UTF-8"?>
<project-private xmlns="http://www.netbeans.org/ns/project-private/1">
    <editor-bookmarks xmlns="http://www.netbeans.org/ns/editor-bookmarks/2" lastBookmarkId="0"/>
    <open-files xmlns="http://www.netbeans.org/ns/projectui-open-files/2">
        <group>
            <file>file:/C:/Users/Usuario1/Documents/NetBeansProjects/ProgramaJavaFormas/src/programajavaformas/Cuadrado.java</file>
            <file>file:/C:/Users/Usuario1/Documents/NetBeansProjects/ProgramaJavaFormas/src/programajavaformas/Linea.java</file>
            <file>file:/C:/Users/Usuario1/Documents/NetBeansProjects/ProgramaJavaFormas/src/programajavaformas/Formas.java</file>
            <file>file:/C:/Users/Usuario1/Documents/NetBeansProjects/ProgramaJavaFormas/src/programajavaformas/ProgramaJavaFormas.java</file>
            <file>file:/C:/Users/Usuario1/Documents/NetBeansProjects/ProgramaJavaFormas/src/programajavaformas/Circulo.java</file>
            <file>file:/C:/Users/Usuario1/Documents/NetBeansProjects/ProgramaJavaFormas/src/programajavaformas/Triangulo.java</file>
        </group>
    </open-files>
</project-private>
